Revenue Stream,Year 1 Monthly,Year 1 Annual,Year 2 Monthly,Year 2 Annual,Growth Rate
Starter Licenses,9800,9800,29400,29400,200%
Professional Licenses,9900,9900,29700,29700,200%
Enterprise Licenses,2980,2980,8940,8940,200%
Pro Cloud Subscriptions,1450,17400,4350,52200,200%
Training Programs,20000,20000,62500,62500,212.5%
Consulting Services,15000,180000,35000,420000,133%
Marketplace Revenue,5000,60000,15000,180000,200%
Total Revenue,,320080,,883740,176%
,Fixed Costs,Year 1,Year 2,
Platform hosting & infrastructure,1000,12000,1000,12000
Staff salaries (2 FTE),15000,180000,20000,240000
Marketing & advertising,2500,30000,3500,42000
Legal & compliance,833,10000,833,10000
Office expenses,1250,15000,1250,15000
Total Fixed Costs,,247000,,319000,
,Variable Costs,Year 1,Year 2,
Payment processing fees (3%),800,9600,2400,28800
Customer support tools,200,2400,200,2400
Software licensing costs,417,5000,417,5000
Total Variable Costs,,17000,,36200,
,,Year 1,Year 2,
Gross Revenue,,320080,,883740
Total Costs,,264000,,355200
Net Profit,,56080,,528540
Profit Margin,,17.5%,,59.8%
,KPI Targets,Year 1,Year 2,
Monthly Active Users,,1000,,3000
Conversion Rate (Free to Paid),,5%,,8%
Customer Acquisition Cost,,50,,45
Average Revenue Per User,,25,,85
Monthly Recurring Revenue,,1450,,4350
Churn Rate,,8%,,5%